id,created_iso,subreddit,title,author,score,num_comments,link_flair_text,over_18,is_self
1o4mzpq,2025-10-12T11:47:57+00:00,Sneakers,Well so much for ordering from China. WTF.,KingChandler219,542,148,Discussion,False,False
1o4mj18,2025-10-12T11:21:58+00:00,Sneakers,"Not expensive, exclusive, or exotic. Just clean and crisp.",SeanicTheHedgehog23,61,15,Discussion,False,False
1o4i1am,2025-10-12T06:38:57+00:00,Sneakers,1995 AJ 11 Concord,23Ortega,96,13, ,False,False
1o4d4ra,2025-10-12T02:01:57+00:00,Sneakers,Favorite Dunks of Year,bexar_kickz,83,12, ,False,False
1o4c97h,2025-10-12T01:17:28+00:00,Sneakers,Finally got to wear them,CoatingsRcrack,288,11, ,False,False
1o4bltk,2025-10-12T00:44:52+00:00,Sneakers,Under $150 at outlet pickup,elhefe83,238,22,Pickup,False,False
1o47h9y,2025-10-11T21:34:48+00:00,Sneakers,"eBay deal for $135, these are so clean! 🔥",KicksKommander561,81,6,Pickup,False,False
1o47dhc,2025-10-11T21:30:19+00:00,Sneakers,Birthday gift from son,thecleanshoeguy760,261,9,Pickup,False,False
1o46xnq,2025-10-11T21:11:25+00:00,Sneakers,Wear what makes you happy,cirenj,107,8,WDYWT,False,False
1o45fxr,2025-10-11T20:08:59+00:00,Sneakers,Rocking these for a little family out of town trip today 🎃🎃,Jeremie225,54,1,WDYWT,False,False
1o42uwu,2025-10-11T18:24:04+00:00,Sneakers,OG!,No_Traffic_2418,81,11,Pickup,False,False
1o42g1a,2025-10-11T18:07:08+00:00,Sneakers,what’s on feet today? 🍊 🍋,No-Volume7464,223,34,WDYWT,False,False
1o3zvoc,2025-10-11T16:23:56+00:00,Sneakers,got married in the concord 11s,LonerInTheTrap,492,41,WDYWT,False,False
1o3zmv5,2025-10-11T16:14:08+00:00,Sneakers,You can only choose 1! Who you going with??,CasinoNitro,339,326,Question,False,False
1o3v11c,2025-10-11T13:00:04+00:00,Sneakers,"Military Blue vs Military Black, which pair are you taking?",No-Volume7464,580,108,Question,False,False
1o3o965,2025-10-11T06:19:19+00:00,Sneakers,bigSWOOSH,bexar_kickz,50,1, ,False,False
1o3jq8p,2025-10-11T02:09:26+00:00,Sneakers,"Don’t blame me, I voted for Kodos.",cks9218,97,4, ,False,False
1o3i5sf,2025-10-11T00:50:33+00:00,Sneakers,Thoughts on these?,J_GottiX,115,35, ,False,False
1o3htds,2025-10-11T00:33:44+00:00,Sneakers,Nike raising prices by 17%,Loud-Good-4040,171,68, ,False,True
1o3h03a,2025-10-10T23:55:45+00:00,Sneakers,First ever pair of Jordans. The cashier said they’re pretty special for under $250 🙏,SlantedStars,503,68,Pickup,False,False
1o3ds52,2025-10-10T21:35:31+00:00,Sneakers,Got my grail!!!,Background_Fix2340,164,71,Pickup,False,False
1o3cop9,2025-10-10T20:52:49+00:00,Sneakers,They can’t give these A MA 4s away,washed_lord,150,87,Discussion,False,False
1o3azs5,2025-10-10T19:48:11+00:00,Sneakers,Red or purple laces yall?,BlandPotato89,57,31,Discussion,False,False
1o3a74k,2025-10-10T19:17:12+00:00,Sneakers,Had to switch to white laces,J_GottiX,50,3, ,False,False
1o395wj,2025-10-10T18:37:51+00:00,Sneakers,Decided to Un-DS my 2013 Orca Flyknit Racers today,NegotiationLoud2980,890,133, ,False,False
1o372t6,2025-10-10T17:19:54+00:00,Sneakers,What’s on your feet?,Tasty-Judgment6953,96,36, ,False,False
1o34mrb,2025-10-10T15:49:34+00:00,Sneakers,"Parra SB or Sean Wotherspoon, if you could only keep one, which stays in the collection?",Punkfunk8183,282,87,Discussion,False,False
1o34amk,2025-10-10T15:37:10+00:00,Sneakers,Most comfortable my feet have ever been,Dozier13ish,103,16,Pickup,False,False
1o30iz8,2025-10-10T13:12:06+00:00,Sneakers,Taking them out for a test drive,Glittering_Foot7303,1057,208, ,False,False
1o30hca,2025-10-10T13:10:14+00:00,Sneakers,Two Months 🐈‍⬛🐈‍⬛,Mental-Mission8494,119,9,WDYWT,False,False
1o2p90m,2025-10-10T02:38:00+00:00,Sneakers,Grail secured recently ❤️💘,ZeroxHD,77,8,Pickup,False,False
1o2oz0i,2025-10-10T02:24:11+00:00,Sneakers,Follow up on jersey.,phEnom3o5,99,10, ,False,False
1o2mflh,2025-10-10T00:22:20+00:00,Sneakers,Let’s settle the debate. Which Jordan is the GOAT???,CasinoNitro,909,780,Question,False,False
1o2k4qp,2025-10-09T22:37:11+00:00,Sneakers,"Reorganizing, took a photo of everything. I like high tops.",SwooptySplash,137,53,Collection,False,False
1o2j556,2025-10-09T21:55:34+00:00,Sneakers,Which go best?,phEnom3o5,198,63, ,False,False
1o2f849,2025-10-09T19:23:20+00:00,Sneakers,While You Were Sleeping,ajkyle56,67,5,Pickup,False,False
1o2d6f2,2025-10-09T18:04:45+00:00,Sneakers,Good deal?,Far_Possible_5269,260,25, ,False,False
1o2c2t0,2025-10-09T17:23:23+00:00,Sneakers,Over 100 pairs of J's and these are still my all time Favorite (BC3 2018),BNutz77,53,15, ,False,False
1o29lqw,2025-10-09T15:51:24+00:00,Sneakers,Jordan 4 undefeated,EddyRaja45,90,7, ,False,False
1o29285,2025-10-09T15:30:49+00:00,Sneakers,Nike Vomero 5 “Sashiko”,Macac013,136,17,WDYWT,False,False
1o27iwa,2025-10-09T14:32:33+00:00,Sneakers,Taiwan Forces 🇹🇼,kindatrendy,55,0, ,False,False
1o253a0,2025-10-09T12:51:43+00:00,Sneakers,Does anyone else feel like sneaker drops have lost all the excitement?,Beneficial_Safe_6052,276,88,Discussion,False,True
1o1xo44,2025-10-09T05:22:59+00:00,Sneakers,Finally Got Shoes Organized,JonJon77,461,66, ,False,False
1o1wfye,2025-10-09T04:12:07+00:00,Sneakers,2026 Air Jordan 5 Retro “Wolf Grey”,Off_Sato,459,57, ,False,False
1o1q2wr,2025-10-08T23:00:02+00:00,Sneakers,Soo nice,PM_me_your_dawgs,88,9, ,False,False
1o1i2hb,2025-10-08T18:07:42+00:00,Sneakers,I restored some 2016 white cements,Cool_Hornet3592,91,19,Discussion,False,False
1o1he3v,2025-10-08T17:43:31+00:00,Sneakers,Damn,Helpful_Text_5228,258,61, ,False,False
1o1gy1o,2025-10-08T17:27:13+00:00,Sneakers,My SO got me some galaxy foams for my birthday! I'm speechless,pierrotlefou,156,19, ,False,False
1o1g415,2025-10-08T16:57:01+00:00,Sneakers,WDYWT,cahug83,64,28, ,False,False
1o1e3g8,2025-10-08T15:43:22+00:00,Sneakers,maison château rouge 2s… What Did You Wear Today,_calmdat,60,8, ,False,False
1o1b6fs,2025-10-08T13:55:44+00:00,Sneakers,I guess I'm lucky,Armani_151,189,18, ,False,False
1o1asa9,2025-10-08T13:39:59+00:00,Sneakers,GOAT sold me FAKES,japanesebananacake,1147,393, ,False,False
1o1aoce,2025-10-08T13:35:15+00:00,Sneakers,Thoughts on the blackcat Jordan 4 2025 retro so far?,FineLibrarian8506,77,57,Discussion,False,False
1o18upi,2025-10-08T12:18:21+00:00,Sneakers,Real happy i finally got these!,no0d3lz,208,33,Pickup,False,False
1o13ulh,2025-10-08T07:19:54+00:00,Sneakers,So much hate on this series smh my head,sH4rk_,338,128, ,False,False
1o12siz,2025-10-08T06:14:11+00:00,Sneakers,Stash am 95s outlet find,Academic_Worker_7806,78,12, ,False,False
1o0y536,2025-10-08T02:02:18+00:00,Sneakers,Finally got to the employee store! $113.00 🙏🏻 😭,KP_PDX,521,86,Pickup,False,False
1o0vod6,2025-10-08T00:07:38+00:00,Sneakers,Keep for $60?,Royal-Pen-7981,64,16,Question,False,False
1o0sb5c,2025-10-07T21:45:43+00:00,Sneakers,Burlington Find,DeeSHOOKs,2038,141, ,False,False
1o0llnb,2025-10-07T17:40:13+00:00,Sneakers,Reorganized The Shoes,wagesofben,65,13,Collection,False,False
1o0k16n,2025-10-07T16:44:53+00:00,Sneakers,UN/LA x BBS 1s… What Did You Wear Today,_calmdat,289,37, ,False,False
1o03kn7,2025-10-07T03:04:26+00:00,Sneakers,Jordan 6 Pull tab just broke...,Sil80s,56,43,Question,False,False
1nzzznq,2025-10-07T00:15:57+00:00,Sneakers,Got a solid deal on AJ 40’s at a Nike Outlet today.,sambanks2,204,30,Pickup,False,False
1nzw0gs,2025-10-06T21:27:53+00:00,Sneakers,What colorway are these?,AResselCompany,105,6, ,False,False
1nzv67s,2025-10-06T20:56:50+00:00,Sneakers,What's a Jordan your wishing would come back?,Armani_151,162,90, ,False,False
1nzrixt,2025-10-06T18:43:35+00:00,Sneakers,i love happy endings 🥹,Business-Neck6332,403,49,Pickup,False,False
1nzoqoz,2025-10-06T17:00:13+00:00,Sneakers,Matchy-matchy,caceres_matias,974,37,WDYWT,False,False
1nzmqlv,2025-10-06T15:47:07+00:00,Sneakers,Cleanest 5s ever,TheoAndonevris,192,10, ,False,False
1nzmj4r,2025-10-06T15:39:55+00:00,Sneakers,UN/LA Field General… What Did You Wear Today,_calmdat,88,15, ,False,False
1nzbjt0,2025-10-06T06:23:00+00:00,Sneakers,Grail acquired. 🔥🙏🏼,WorldlinessNorth2850,1257,70,Collection,False,False
1nz9178,2025-10-06T03:57:08+00:00,Sneakers,I think Laser Blues are as good as Infrareds,Hawker92,154,16,Collection,False,False
1nz508a,2025-10-06T00:39:26+00:00,Sneakers,Man cave update:,BMan2w0,493,59, ,False,False
1nyv743,2025-10-05T17:59:59+00:00,Sneakers,these are overhated imo,Spirited-Sea-4047,313,134, ,False,False
1nyth50,2025-10-05T16:55:32+00:00,Sneakers,Seems like people are not rocking with these,screpss_,54,59,Discussion,False,False
1nyss2r,2025-10-05T16:28:44+00:00,Sneakers,This or that? Finally acquired both!,MOPAR_fuckEVs,246,41,Collection,False,False
1nys7rv,2025-10-05T16:07:07+00:00,Sneakers,Canary’s… What Did You Wear Today,_calmdat,281,52, ,False,False
1nyp6jq,2025-10-05T14:08:26+00:00,Sneakers,Defect or damage?,dripzbytciezko,180,48,Question,False,False
1nyo520,2025-10-05T13:24:34+00:00,Sneakers,Nike SB Dunk Low Skate or Die - Picked these up when they released in 2008,Spenny12,122,3,WDYWT,False,False
1nyjzvg,2025-10-05T09:45:06+00:00,Sneakers,What do you do when your sneakers sole start to show signs of separation or disintegration,kuronite,52,47,Question,False,False
1nyj8yv,2025-10-05T08:58:17+00:00,Sneakers,"Aside from replacing a model with a fresh pair/different colorway due to traction/grip, materials failing/disintegrating, or getting tired of doing sole reglues….I think I’m done snagging silhouettes to hoop in.",ANORXIC51,170,51,Collection,False,False
1nybhtq,2025-10-05T01:36:08+00:00,Sneakers,Shoe 4,bearbrick420,139,2,Collection,False,False
1ny3xx2,2025-10-04T20:02:03+00:00,Sneakers,What’s on feet today,perpetual_papercut,110,46,WDYWT,False,False
1ny1nw3,2025-10-04T18:32:00+00:00,Sneakers,"Bought these today, pretty or not?",North_Height_9003,53,25,Question,False,False
1ny1bd4,2025-10-04T18:18:34+00:00,Sneakers,Who else has them in rotation?,AVeryGoodPerson,244,32,WDYWT,False,False
1nxzh2n,2025-10-04T17:06:53+00:00,Sneakers,What’s on your feet today,Electrical-Head8936,83,48,WDYWT,False,False
1nxyr3v,2025-10-04T16:38:34+00:00,Sneakers,Big Mail Day,JonJon77,54,23, ,False,False
1nxxmzz,2025-10-04T15:54:29+00:00,Sneakers,Not sure what to wear with these,moejead710,254,214, ,False,False
1nxw50v,2025-10-04T14:55:22+00:00,Sneakers,What’s on feet today?,Punkfunk8183,108,31,WDYWT,False,False
1nxs7w3,2025-10-04T12:06:48+00:00,Sneakers,Cop or Drop!?,nunmajor444,91,26,Pickup,False,False
1nxrxuu,2025-10-04T11:52:38+00:00,Sneakers,I’ll tell myself they’re the same thing,christag,566,50, ,False,False
1nxrdi9,2025-10-04T11:22:05+00:00,Sneakers,I smell Bullshit 👃🏼,kicksarelife122,406,65, ,False,False
1nxo56g,2025-10-04T08:03:24+00:00,Sneakers,Today’s mail call 📞,Lordquazz94,65,8,Pickup,False,False
1nxmgqn,2025-10-04T06:19:37+00:00,Sneakers,Why does this keep happening to all my sneakers?,iamraulpereira,603,112,Question,True,False
1nxijf2,2025-10-04T02:42:38+00:00,Sneakers,Outlet pickups today,ButtonParadox,74,9,Pickup,False,False
1nxg6ye,2025-10-04T00:45:03+00:00,Sneakers,Breaking these out tonight to watch my son perform at the football game (he’s in band 🎶),Jeremie225,229,24,WDYWT,False,False
1nxg01t,2025-10-04T00:35:52+00:00,Sneakers,gift to myself,Advanced-Hope9265,70,4, ,False,False
1nx9idu,2025-10-03T19:59:50+00:00,Sneakers,"For below retail, had to “cave” in",TheManwithThePlan007,135,14,Pickup,False,False
1nx92yt,2025-10-03T19:43:18+00:00,Sneakers,I finally got one of my dream shoes! The Nike Air Tech Challenge II,Barbick,330,40, ,False,False
1nx57fl,2025-10-03T17:16:31+00:00,Sneakers,30th bday backboards 🏀,MmmmmmBop1,230,11,WDYWT,False,False
1nx5424,2025-10-03T17:13:03+00:00,Sneakers,What's everybody wearing?,marcosh_ar1,590,101,WDYWT,False,False
1nx4oj1,2025-10-03T16:57:25+00:00,Sneakers,Bo knows,Inevitable-Oven-3627,61,5,WDYWT,False,False
1nx2jcn,2025-10-03T15:38:33+00:00,Sneakers,Picked up my White Cements 4’s this week. This year has to be the greatest year for sneakers since 2016.,noahjaisi,108,3,Pickup,False,False
1nx1t8r,2025-10-03T15:11:18+00:00,Sneakers,New Grateful Dead Air Max 90 First look,Da_0ne,110,27, ,False,False
1nwzim3,2025-10-03T13:42:36+00:00,Sneakers,Thinking about pulling the trigger on my first pair of Jordans worth it?,Wetjones,140,37,Discussion,False,True
1nwyawt,2025-10-03T12:53:04+00:00,Sneakers,What’s on your feet today?,Punkfunk8183,85,19,WDYWT,False,False
1nwwagf,2025-10-03T11:17:46+00:00,Sneakers,My first proper Air Jordans.,BoysenberryGeneral20,484,197, ,False,False
1nwvrtt,2025-10-03T10:49:53+00:00,Sneakers,Jordan 1  “Newstalgia” 🤝🏽 Hello Kitty X Chucky,Character_Chard2378,57,10,WDYWT,False,False
1nwkdfo,2025-10-03T00:08:02+00:00,Sneakers,We still posin?,NoTearsOnDryFaces,121,29,Collection,False,False
1nwib7y,2025-10-02T22:36:24+00:00,Sneakers,My shoe corner 👟,Ruddskies,318,48,Collection,False,False
1nwguuh,2025-10-02T21:37:23+00:00,Sneakers,The ones that kicked off my journey. Always loved sneakers but never started collecting til about 6 years ago. Really stoked for the 2026 release.,Randomcolonoscopy,53,2,WDYWT,False,False
1nweoq6,2025-10-02T20:16:01+00:00,Sneakers,Thoughts on these samples?,Character-Act1020,168,55,Discussion,False,False
1nwdu4a,2025-10-02T19:44:47+00:00,Sneakers,Travis Not's Reverse Olive. Customize?,2RV7VR5,59,19,Pickup,False,False
1nwdd0o,2025-10-02T19:26:59+00:00,Sneakers,Griffeys today. Let’s see what you are rocking.,Sneaks51,70,7,WDYWT,False,False
1nw8v8p,2025-10-02T16:40:35+00:00,Sneakers,White cement Pit crews! 🦆,Dankiestraptor,71,16,Collection,False,False
1nw801e,2025-10-02T16:08:25+00:00,Sneakers,shoe to start the October,Reaper2k1935,79,9, ,False,False
1nw3skq,2025-10-02T13:28:25+00:00,Sneakers,Finally decided to unDS this! What’s on your feet today?,Punkfunk8183,113,33,WDYWT,False,False
1nw3sf3,2025-10-02T13:28:14+00:00,Sneakers,"just picked these up 🔥 finally found a good deal on a pair in my size. surprised i don’t see ppl talk about the quality of them more often, it’s A1 🙌🏻",No-Volume7464,267,49,Pickup,False,False
1nw2and,2025-10-02T12:23:49+00:00,Sneakers,1st or 2nd?,Professional-Fun8621,81,44,Question,False,False
1nw21tu,2025-10-02T12:12:22+00:00,Sneakers,Finally replaced my Court Purple AJ1's today after a lot of wear & tear,valithevali,764,70,Pickup,False,False
1nvv9ep,2025-10-02T05:27:03+00:00,Sneakers,2003 Retro 3 White Cement,DirtyLoweredTiguan,53,14,WDYWT,False,False
1nvow54,2025-10-02T00:07:05+00:00,Sneakers,Everyone finding SB 4’s at Burlington,Biggestturtleever,1076,81, ,False,False
1nvobmw,2025-10-01T23:41:26+00:00,Sneakers,Last Few Wears….,ShortyC94,154,14, ,False,False
1nvljkg,2025-10-01T21:44:58+00:00,Sneakers,Custom AF1s: Work function drip,C4Vendetta76,57,4,WDYWT,False,False
1nvk9vp,2025-10-01T20:55:45+00:00,Sneakers,Most of my Nike’s,Far-Reporter-1596,74,4,Collection,False,False
1nvjlvu,2025-10-01T20:30:42+00:00,Sneakers,Big Bricks,bigeyejig,170,8,WDYWT,False,False
1nviamp,2025-10-01T19:41:54+00:00,Sneakers,"""What's on the Toe Wednesday""",vikings1382,53,48,WDYWT,False,False
1nvh28p,2025-10-01T18:56:17+00:00,Sneakers,1:1,cointelprowrestler,588,57, ,False,False
1nvdngh,2025-10-01T16:54:04+00:00,Sneakers,"Fuck cancer, shoutout to boosie",Dankiestraptor,473,79, ,False,False
1nvbgfn,2025-10-01T15:33:00+00:00,Sneakers,"Lost & Founds, finally!",Space_Wrangler_Dave,133,5,WDYWT,False,False
1nvbaef,2025-10-01T15:26:54+00:00,Sneakers,What’s on your feet today?,Punkfunk8183,55,6,WDYWT,False,False
1nv9m08,2025-10-01T14:23:54+00:00,Sneakers,1st day in her new bigger girl classroom,devodjl24,209,6, ,False,False
1nv7yw2,2025-10-01T13:18:20+00:00,Sneakers,WYWT?,ayonesaucey,75,24,Collection,False,False
1nv3ytk,2025-10-01T09:53:16+00:00,Sneakers,Crazy that these sat on retail stores. Insane that they’re still sitting on outlets.,kuya_jj,876,295,Discussion,False,False
1nuw261,2025-10-01T02:07:43+00:00,Sneakers,2025 ‘Dee Brown’ Pumps are 🔥,umichwolverine,292,41,Pickup,False,False
1nuvq2u,2025-10-01T01:51:50+00:00,Sneakers,just copped these on ebay with authenticity guarantee check😂 ain’t no way i actually get them,Kqden,69,116,Pickup,False,False
1nuv5wg,2025-10-01T01:25:21+00:00,Sneakers,Picked up a pair of 94’ breds,Ruddskies,130,17,Pickup,False,False
1nutfik,2025-10-01T00:04:05+00:00,Sneakers,MY3.0 from the AMM in-store raffle,PhD_V,121,35,Collection,False,False
1nuslnf,2025-09-30T23:26:02+00:00,Sneakers,Just got delivered today! These look so nice 💯,PreviousNotice6103,141,34,Pickup,False,False
1nus6pd,2025-09-30T23:07:23+00:00,Sneakers,Wing-chun foreva!,ShadeTV247,53,1,Pickup,False,False
1nuq8w3,2025-09-30T21:45:03+00:00,Sneakers,"Been collecting for about 13 years, here’s what I’ve got!",ThunderBoult66,370,53,Collection,False,False
1numxwg,2025-09-30T19:38:25+00:00,Sneakers,Fresh Prince Jays,sthebest1984,127,25,WDYWT,False,False
1nul1qv,2025-09-30T18:26:54+00:00,Sneakers,My friend made me a rug,ExcitedByNoise,829,38, ,False,False
1nug96u,2025-09-30T15:27:49+00:00,Sneakers,I don't think I see enough foams in the group 🧐,keevalove,152,56, ,False,False
1nufuxt,2025-09-30T15:12:52+00:00,Sneakers,Embrace the weird,bigeyejig,303,27,WDYWT,False,False
1nufpz4,2025-09-30T15:07:36+00:00,Sneakers,Love the colors on these. AJ1 Dusted Clay,jeouno,99,13, ,False,False
1nue9u6,2025-09-30T14:11:40+00:00,Sneakers,Sneaker style,KikayLemaitre,107,6, ,False,False
1nuc7cy,2025-09-30T12:45:09+00:00,Sneakers,What's the wildest looking shoe you own?,adiFamily_,405,516, ,False,False
1nu6671,2025-09-30T06:49:18+00:00,Sneakers,"Long time lurker, first time buyer",Burner4NerdStuff,51,52,Pickup,False,False
1nu0ugc,2025-09-30T02:01:08+00:00,Sneakers,"imma need the royals 🤞🏻, which is your fav? (2026 union x frag jordan 1)",CAN_I_PET_DAT_DAWG,63,13, ,False,False
1nu0211,2025-09-30T01:24:16+00:00,Sneakers,A thorough photographic examination of the Mars Yard 3.0,timelordnotorious,284,72, ,False,False
1ntym6n,2025-09-30T00:17:04+00:00,Sneakers,Ever buy a pair for the sole reason of matching an accessory? 😅,KWESTalsk,55,34,Pickup,False,False
1ntw5b8,2025-09-29T22:29:15+00:00,Sneakers,Who like Jordan 13’s??,f329m,281,66, ,False,False
1ntrj6e,2025-09-29T19:30:04+00:00,Sneakers,Below retail !!! What a time to be a sneaker head !,Lo0ny-Q,228,61, ,False,False
1ntpote,2025-09-29T18:20:47+00:00,Sneakers,Reebok x PlayStation first look,FUCKiro,2022,116,News,False,False
1ntpo3n,2025-09-29T18:20:04+00:00,Sneakers,"Ugh, these are too cool not to consider copping",NebPhiChi,3350,150, ,False,False
1ntpko8,2025-09-29T18:16:21+00:00,Sneakers,Found them for $54.99,Far_Possible_5269,189,27, ,False,False
1ntoz6o,2025-09-29T17:54:19+00:00,Sneakers,R.I.P. Mets…,Inevitable-Oven-3627,56,13, ,False,False
1nto8hm,2025-09-29T17:26:22+00:00,Sneakers,2006 Nike SB Purple Pigeons on a Rainy Day,Spenny12,52,1,WDYWT,False,False
1nto08r,2025-09-29T17:17:47+00:00,Sneakers,Spooky season is otw. What is everyone breaking out?,NihilistPorcupine99,56,50, ,False,False
1ntj7qk,2025-09-29T14:17:12+00:00,Sneakers,For all the Jordan 11 fans,raj824x,91,36, ,False,False
1nthiy2,2025-09-29T13:06:22+00:00,Sneakers,Collection,HayestackZ,211,28,Collection,False,False
1ntfkx7,2025-09-29T11:34:56+00:00,Sneakers,How do you keep the J1 Tongue from sliding?,thisisjoy,377,106,Question,False,False
1nt5c2d,2025-09-29T01:25:01+00:00,Sneakers,Hows the collection so far,batm123,132,23, ,False,False
1nsyz60,2025-09-28T20:37:51+00:00,Sneakers,My sneakercon haul,Stunning_Cup_5200,326,17, ,False,False
1nsy4cr,2025-09-28T20:03:28+00:00,Sneakers,🦆🦆,Dankiestraptor,309,43,Collection,False,False
1nswn1l,2025-09-28T19:04:48+00:00,Sneakers,found at my ross store,Smiley_320,79,16,Pickup,False,False
